timedelta, n_tokens_title, n_tokens_content, n_unique_tokens, n_non_stop_words, n_non_stop_unique_tokens, num_hrefs, num_self_hrefs, num_imgs, num_videos, average_token_length, num_keywords, data_channel, kw_min_min, kw_max_min, kw_avg_min, kw_min_max, kw_max_max, kw_avg_max, kw_min_avg, kw_max_avg, kw_avg_avg, self_reference_min_shares, self_reference_max_shares, self_reference_avg_sharess, weekday, is_weekend, LDA_00, LDA_01, LDA_02, LDA_03, LDA_04, global_subjectivity, global_sentiment_polarity, global_rate_positive_words, global_rate_negative_words, rate_positive_words, rate_negative_words, avg_positive_polarity, min_positive_polarity, max_positive_polarity, avg_negative_polarity, min_negative_polarity, max_negative_polarity, title_subjectivity, title_sentiment_polarity, abs_title_subjectivity, abs_title_sentiment_polarity
9,14,428,0.512880561,0.999999996,0.698744767,2,1,1,0,4.478971963,10, World,-1,587,145.2222222,0,843300,221420,0,4366.727273,2704.113469,1400,1400,1400, Tuesday,0,0.020001051,0.519475171,0.420521017,0.02000072,0.02000204,0.469272844,0.022490347,0.028037383,0.030373832,0.48,0.52,0.380059524,0.1,0.7,-0.271428571,-0.7,-0.1,0,0,0.5,0
9,13,413,0.556675062,0.999999996,0.692913383,11,2,1,0,4.992736077,9, World,-1,885,212.1428571,0,843300,168711.6667,0,3785.425532,1674.398279,1500,1500,1500, Tuesday,0,0.022226644,0.364139554,0.569183678,0.022225135,0.022224988,0.482620321,0.060962567,0.016949153,0.004842615,0.777777778,0.222222222,0.298051948,0.1,0.5,-0.525,-0.75,-0.3,0.65,0,0.15,0
9,9,468,0.582781456,0.999999997,0.691318326,17,1,1,0,4.854700855,3, Unknown,-1,2000,666,2000,843300,562866.6667,2000,5776.030652,3720.474658,21600,21600,21600, Tuesday,0,0.066670358,0.066728482,0.066668684,0.733264246,0.06666823,0.529347826,0.006884058,0.019230769,0.021367521,0.473684211,0.526315789,0.331481481,0.1,0.5,-0.2825,-0.7,-0.1,0,0,0.5,0
